timestamp,observation_number,detection_count,has_detection,class_names,confidence_values,bbox_coordinates,center_x,center_y,bbox_width,bbox_height,area,detection_area,processing_time_ms,image_saved,image_filename
2025-09-04T21:00:18.168486,1,0,False,,,,,,,,,left_half,1874.0,False,
2025-09-04T21:01:18.668937,2,0,False,,,,,,,,,left_half,500.1,False,
2025-09-04T21:02:19.142650,3,0,False,,,,,,,,,left_half,473.4,False,
2025-09-04T21:03:19.637414,4,0,False,,,,,,,,,left_half,494.5,False,
2025-09-04T21:04:20.148062,5,0,False,,,,,,,,,left_half,510.3,False,
2025-09-04T21:05:20.607218,6,0,False,,,,,,,,,left_half,458.9,False,
2025-09-04T21:06:21.063238,7,0,False,,,,,,,,,left_half,455.7,False,
2025-09-04T21:07:21.517646,8,0,False,,,,,,,,,left_half,454.1,False,
2025-09-04T21:08:22.028129,9,0,False,,,,,,,,,left_half,510.2,False,
2025-09-04T21:09:22.508910,10,0,False,,,,,,,,,left_half,480.5,False,
2025-09-04T21:10:22.978735,11,0,False,,,,,,,,,left_half,469.5,False,
2025-09-04T21:11:23.443046,12,0,False,,,,,,,,,left_half,464.0,False,
2025-09-04T21:12:23.903453,13,0,False,,,,,,,,,left_half,460.1,False,
2025-09-04T21:13:24.364479,14,0,False,,,,,,,,,left_half,460.7,False,
2025-09-04T21:14:24.832624,15,0,False,,,,,,,,,left_half,467.7,False,
2025-09-04T21:15:25.313236,16,0,False,,,,,,,,,left_half,480.3,False,
2025-09-04T21:16:25.778512,17,0,False,,,,,,,,,left_half,464.8,False,
2025-09-04T21:17:26.252336,18,0,False,,,,,,,,,left_half,473.5,False,
2025-09-04T21:18:26.727077,19,0,False,,,,,,,,,left_half,474.4,False,
2025-09-04T21:19:27.210112,20,0,False,,,,,,,,,left_half,482.7,False,
2025-09-04T21:20:27.680997,21,0,False,,,,,,,,,left_half,470.6,False,
2025-09-04T21:21:28.145064,22,0,False,,,,,,,,,left_half,463.7,False,
2025-09-04T21:22:28.611338,23,0,False,,,,,,,,,left_half,466.0,False,
2025-09-04T21:23:29.067311,24,0,False,,,,,,,,,left_half,455.3,False,
2025-09-04T21:24:29.529048,25,0,False,,,,,,,,,left_half,461.4,False,
2025-09-04T21:25:29.991963,26,0,False,,,,,,,,,left_half,462.6,False,
2025-09-04T21:26:30.455354,27,0,False,,,,,,,,,left_half,463.1,False,
2025-09-04T21:27:30.938436,28,0,False,,,,,,,,,left_half,482.8,False,
2025-09-04T21:28:31.421810,29,0,False,,,,,,,,,left_half,483.0,False,
2025-09-04T21:29:31.902724,30,0,False,,,,,,,,,left_half,480.6,False,
2025-09-04T21:30:32.395018,31,0,False,,,,,,,,,left_half,492.0,False,
2025-09-04T21:31:32.863669,32,0,False,,,,,,,,,left_half,467.9,False,
2025-09-04T21:32:33.328786,33,0,False,,,,,,,,,left_half,464.8,False,
2025-09-04T21:33:33.805770,34,0,False,,,,,,,,,left_half,476.7,False,
2025-09-04T21:34:34.297669,35,0,False,,,,,,,,,left_half,491.5,False,
2025-09-04T21:35:34.767357,36,0,False,,,,,,,,,left_half,469.4,False,
2025-09-04T21:36:35.220041,37,0,False,,,,,,,,,left_half,452.4,False,
2025-09-04T21:37:35.688284,38,0,False,,,,,,,,,left_half,467.9,False,
2025-09-04T21:38:36.194125,39,0,False,,,,,,,,,left_half,505.6,False,
2025-09-04T21:39:36.674064,40,1,True,beetle,0.492,"(103,586,1108,1296)",605.6,941.0,1005.0,710.0,713521.1,left_half,453.4,True,left_half_detection_20250904_213936_647.jpg
2025-09-04T21:40:37.123165,41,0,False,,,,,,,,,left_half,448.8,False,
2025-09-04T21:41:37.583691,42,0,False,,,,,,,,,left_half,460.1,False,
2025-09-04T21:42:38.073480,43,0,False,,,,,,,,,left_half,489.4,False,
2025-09-04T21:43:38.563729,44,1,True,beetle,0.544,"(137,593,1079,1296)",608.0,944.5,942.6,703.0,662616.4,left_half,463.3,True,left_half_detection_20250904_214338_537.jpg
2025-09-04T21:44:39.066103,45,1,True,beetle,0.484,"(125,604,1082,1296)",603.2,950.2,957.3,691.6,662084.7,left_half,471.4,True,left_half_detection_20250904_214439_035.jpg
2025-09-04T21:45:39.577076,46,1,True,beetle,0.512,"(144,598,1072,1296)",608.1,946.9,928.6,698.2,648406.7,left_half,484.2,True,left_half_detection_20250904_214539_550.jpg
2025-09-04T21:46:40.082050,47,1,True,beetle,0.557,"(131,611,1080,1296)",605.6,953.6,948.8,684.9,649854.0,left_half,473.7,True,left_half_detection_20250904_214640_051.jpg
2025-09-04T21:47:40.605181,48,1,True,beetle,0.550,"(132,603,1078,1296)",605.1,949.6,946.1,692.8,655413.2,left_half,492.5,True,left_half_detection_20250904_214740_575.jpg
2025-09-04T21:48:41.094341,49,1,True,beetle,0.549,"(140,603,1076,1296)",608.2,949.5,936.1,693.0,648663.0,left_half,462.1,True,left_half_detection_20250904_214841_067.jpg
2025-09-04T21:49:41.631760,50,1,True,beetle,0.568,"(142,602,1072,1296)",607.1,949.2,929.9,693.7,645043.4,left_half,506.0,True,left_half_detection_20250904_214941_600.jpg
2025-09-04T21:50:42.148741,51,1,True,beetle,0.552,"(141,601,1075,1296)",608.2,948.6,933.6,694.7,648639.6,left_half,490.0,True,left_half_detection_20250904_215042_122.jpg
2025-09-04T21:51:42.616417,52,0,False,,,,,,,,,left_half,467.2,False,
2025-09-04T21:52:43.079645,53,0,False,,,,,,,,,left_half,462.8,False,
2025-09-04T21:53:43.540044,54,0,False,,,,,,,,,left_half,460.1,False,
2025-09-04T21:54:44.011232,55,0,False,,,,,,,,,left_half,470.9,False,
2025-09-04T21:55:44.499181,56,0,False,,,,,,,,,left_half,487.7,False,
2025-09-04T21:56:45.001138,57,0,False,,,,,,,,,left_half,501.7,False,
2025-09-04T21:57:45.455572,58,0,False,,,,,,,,,left_half,454.1,False,
2025-09-04T21:58:45.946180,59,1,True,beetle,0.453,"(171,593,1050,1296)",610.8,944.3,879.1,703.4,618307.5,left_half,462.0,True,left_half_detection_20250904_215845_917.jpg
2025-09-04T21:59:46.460716,60,1,True,beetle,0.427,"(210,618,1067,1296)",638.5,957.2,857.2,677.7,580899.1,left_half,482.2,True,left_half_detection_20250904_215946_428.jpg
2025-09-04T22:00:46.976922,61,1,True,beetle,0.443,"(162,590,1064,1296)",613.4,943.1,902.0,705.9,636677.7,left_half,485.0,True,left_half_detection_20250904_220046_946.jpg
2025-09-04T22:01:47.485950,62,1,True,beetle,0.421,"(170,612,1067,1296)",618.9,953.9,896.9,684.2,613701.8,left_half,481.3,True,left_half_detection_20250904_220147_458.jpg
2025-09-04T22:02:47.992465,63,1,True,beetle,0.462,"(153,614,1058,1296)",605.9,955.1,905.0,681.9,617096.0,left_half,478.8,True,left_half_detection_20250904_220247_965.jpg
2025-09-04T22:03:48.488700,64,1,True,beetle,0.458,"(158,591,1053,1296)",605.3,943.4,894.5,705.2,630761.0,left_half,464.1,True,left_half_detection_20250904_220348_457.jpg
2025-09-04T22:04:48.994962,65,1,True,beetle,0.456,"(148,614,1055,1296)",601.2,955.1,906.8,681.8,618192.6,left_half,477.8,True,left_half_detection_20250904_220448_966.jpg
2025-09-04T22:05:49.508345,66,1,True,beetle,0.467,"(155,599,1056,1296)",605.8,947.6,900.5,696.8,627448.9,left_half,485.1,True,left_half_detection_20250904_220549_480.jpg
2025-09-04T22:06:50.039681,67,1,True,beetle,0.472,"(151,598,1055,1296)",603.0,946.8,903.7,698.4,631160.6,left_half,499.6,True,left_half_detection_20250904_220650_008.jpg
2025-09-04T22:07:50.551450,68,1,True,beetle,0.473,"(158,595,1057,1296)",607.5,945.3,898.5,701.5,630240.4,left_half,483.0,True,left_half_detection_20250904_220750_523.jpg
2025-09-04T22:08:51.233580,69,1,True,beetle,0.462,"(151,600,1060,1296)",605.4,947.9,909.6,696.3,633294.0,left_half,650.2,True,left_half_detection_20250904_220851_202.jpg
2025-09-04T22:09:51.706725,70,0,False,,,,,,,,,left_half,472.7,False,
2025-09-04T22:10:52.192687,71,0,False,,,,,,,,,left_half,485.6,False,
2025-09-04T22:11:52.657259,72,0,False,,,,,,,,,left_half,464.3,False,
2025-09-04T22:12:53.155013,73,0,False,,,,,,,,,left_half,497.4,False,
2025-09-04T22:13:53.655859,74,1,True,beetle,0.621,"(230,537,1147,1281)",688.5,908.9,917.6,744.1,682778.7,left_half,468.8,True,left_half_detection_20250904_221353_624.jpg
2025-09-04T22:14:54.104474,75,0,False,,,,,,,,,left_half,448.1,False,
2025-09-04T22:15:54.561771,76,0,False,,,,,,,,,left_half,457.0,False,
2025-09-04T22:16:55.071838,77,1,True,beetle,0.630,"(165,564,1107,1295)",635.7,929.3,942.3,731.4,689159.7,left_half,481.5,True,left_half_detection_20250904_221655_043.jpg
2025-09-04T22:17:55.575029,78,1,True,beetle,0.474,"(141,570,1098,1295)",619.6,932.6,956.4,725.5,693927.8,left_half,474.2,True,left_half_detection_20250904_221755_546.jpg
2025-09-04T22:18:56.110451,79,1,True,beetle,0.485,"(131,581,1098,1295)",614.6,937.8,966.6,714.6,690764.3,left_half,504.1,True,left_half_detection_20250904_221856_079.jpg
2025-09-04T22:19:56.601558,80,1,True,beetle,0.453,"(141,565,1100,1296)",620.4,930.4,959.5,730.4,700834.2,left_half,459.1,True,left_half_detection_20250904_221956_569.jpg
2025-09-04T22:20:57.153121,81,1,True,beetle,0.749,"(111,486,1122,1296)",616.9,890.8,1010.9,810.4,819229.7,left_half,523.8,True,left_half_detection_20250904_222057_125.jpg
2025-09-04T22:21:57.620472,82,0,False,,,,,,,,,left_half,466.9,False,
2025-09-04T22:22:58.122375,83,1,True,beetle,0.465,"(133,514,1131,1271)",632.1,892.5,998.1,757.8,756388.8,left_half,470.4,True,left_half_detection_20250904_222258_091.jpg
2025-09-04T22:23:58.611916,84,1,True,beetle,0.440,"(115,518,1128,1281)",621.9,899.7,1012.8,762.8,772606.6,left_half,460.8,True,left_half_detection_20250904_222358_583.jpg
2025-09-04T22:24:59.109535,85,0,False,,,,,,,,,left_half,497.1,False,
2025-09-04T22:25:59.592636,86,0,False,,,,,,,,,left_half,482.7,False,
2025-09-04T22:27:00.058622,87,0,False,,,,,,,,,left_half,465.6,False,
2025-09-04T22:28:00.538647,88,0,False,,,,,,,,,left_half,479.7,False,
2025-09-04T22:29:01.032090,89,0,False,,,,,,,,,left_half,493.1,False,
2025-09-04T22:30:01.496676,90,0,False,,,,,,,,,left_half,464.3,False,
2025-09-04T22:31:01.971008,91,0,False,,,,,,,,,left_half,474.0,False,
2025-09-04T22:32:02.408748,92,0,False,,,,,,,,,left_half,437.4,False,
2025-09-04T22:33:02.930316,93,1,True,beetle,0.645,"(148,530,1070,1296)",608.8,912.8,921.5,766.4,706272.5,left_half,484.7,True,left_half_detection_20250904_223302_893.jpg
2025-09-04T22:34:03.435163,94,1,True,beetle,0.710,"(204,530,1086,1276)",645.1,902.6,882.7,746.0,658459.6,left_half,473.2,True,left_half_detection_20250904_223403_403.jpg
2025-09-04T22:35:03.930353,95,1,True,beetle,0.716,"(261,527,1104,1277)",682.6,902.0,843.7,749.1,632038.6,left_half,466.9,True,left_half_detection_20250904_223503_902.jpg
2025-09-04T22:36:04.458930,96,1,True,beetle,0.686,"(227,425,1068,1250)",647.6,837.8,840.6,825.3,693704.9,left_half,496.2,True,left_half_detection_20250904_223604_427.jpg
2025-09-04T22:37:04.974505,97,1,True,beetle,0.459,"(213,289,1046,1296)",629.7,792.4,833.5,1007.3,839499.9,left_half,484.1,True,left_half_detection_20250904_223704_943.jpg
2025-09-04T22:38:05.443673,98,0,False,,,,,,,,,left_half,468.7,False,
2025-09-04T22:39:05.921187,99,0,False,,,,,,,,,left_half,477.2,False,
2025-09-04T22:40:06.404603,100,1,True,beetle,0.570,"(239,646,1110,1279)",674.3,962.7,870.4,633.1,551051.7,left_half,454.7,True,left_half_detection_20250904_224006_376.jpg
2025-09-04T22:41:06.875312,101,0,False,,,,,,,,,left_half,470.3,False,
2025-09-04T22:42:07.349985,102,1,True,beetle,0.567,"(262,652,1117,1272)",689.3,962.1,854.5,619.3,529168.1,left_half,447.6,True,left_half_detection_20250904_224207_323.jpg
2025-09-04T22:43:07.851121,103,2,True,beetle;beetle,0.567;0.451,"(303,649,1110,1259);(329,648,875,1249)",706.6;602.3,953.6;948.5,806.9;546.0,610.2;600.9,492348.9;328099.8,left_half,468.6,True,left_half_detection_20250904_224307_819.jpg
2025-09-04T22:44:08.360304,104,2,True,beetle;beetle,0.535;0.521,"(300,649,1107,1261);(310,650,854,1257)",703.3;582.2,955.0;953.9,806.5;544.0,612.3;607.2,493818.8;330294.5,left_half,481.0,True,left_half_detection_20250904_224408_332.jpg
2025-09-04T22:45:08.865409,105,0,False,,,,,,,,,left_half,504.7,False,
2025-09-04T22:46:09.314091,106,0,False,,,,,,,,,left_half,448.4,False,
2025-09-04T22:47:09.814168,107,0,False,,,,,,,,,left_half,499.8,False,
2025-09-04T22:48:10.291138,108,0,False,,,,,,,,,left_half,476.6,False,
2025-09-04T22:49:10.785904,109,0,False,,,,,,,,,left_half,494.4,False,
2025-09-04T22:50:11.255260,110,0,False,,,,,,,,,left_half,469.0,False,
2025-09-04T22:51:11.719146,111,0,False,,,,,,,,,left_half,463.6,False,
2025-09-04T22:52:12.181063,112,0,False,,,,,,,,,left_half,461.6,False,
2025-09-04T22:53:12.666181,113,0,False,,,,,,,,,left_half,484.8,False,
2025-09-04T22:54:13.170489,114,1,True,beetle,0.405,"(265,647,1109,1293)",687.0,969.7,843.9,646.1,545216.3,left_half,477.3,True,left_half_detection_20250904_225413_143.jpg
2025-09-04T22:55:13.664597,115,1,True,beetle,0.577,"(299,656,1111,1282)",705.1,969.1,812.5,626.0,508593.0,left_half,461.5,True,left_half_detection_20250904_225513_632.jpg
2025-09-04T22:56:14.126214,116,0,False,,,,,,,,,left_half,461.3,False,
2025-09-04T22:57:14.588352,117,0,False,,,,,,,,,left_half,461.6,False,
2025-09-04T22:58:15.051853,118,0,False,,,,,,,,,left_half,463.2,False,
2025-09-04T22:59:15.527665,119,0,False,,,,,,,,,left_half,475.6,False,
2025-09-04T23:00:16.004904,120,0,False,,,,,,,,,left_half,477.0,False,
2025-09-04T23:01:16.506936,121,1,True,beetle,0.417,"(134,565,1119,1292)",626.8,928.4,984.9,726.9,715891.5,left_half,474.2,True,left_half_detection_20250904_230116_479.jpg
2025-09-04T23:02:17.001037,122,0,False,,,,,,,,,left_half,493.7,False,
2025-09-04T23:03:17.503871,123,0,False,,,,,,,,,left_half,502.5,False,
2025-09-04T23:04:17.984280,124,0,False,,,,,,,,,left_half,480.1,False,
2025-09-04T23:05:18.498883,125,1,True,beetle,0.416,"(205,547,1122,1278)",663.3,912.2,916.7,731.5,670567.6,left_half,483.0,True,left_half_detection_20250904_230518_467.jpg
2025-09-04T23:06:18.963436,126,0,False,,,,,,,,,left_half,464.2,False,
2025-09-04T23:07:19.442832,127,0,False,,,,,,,,,left_half,479.1,False,
2025-09-04T23:08:19.911402,128,0,False,,,,,,,,,left_half,468.3,False,
2025-09-04T23:09:20.361706,129,0,False,,,,,,,,,left_half,450.0,False,
2025-09-04T23:10:20.862580,130,1,True,beetle,0.443,"(184,510,1149,1261)",666.1,885.4,964.8,750.9,724447.3,left_half,470.3,True,left_half_detection_20250904_231020_832.jpg
2025-09-04T23:11:21.316670,131,0,False,,,,,,,,,left_half,453.7,False,
2025-09-04T23:12:21.787787,132,0,False,,,,,,,,,left_half,470.8,False,
2025-09-04T23:13:22.255102,133,0,False,,,,,,,,,left_half,467.0,False,
2025-09-04T23:14:22.750676,134,1,True,beetle,0.443,"(155,638,1136,1289)",645.6,963.9,981.7,651.0,639100.5,left_half,467.7,True,left_half_detection_20250904_231422_723.jpg
2025-09-04T23:15:23.198466,135,0,False,,,,,,,,,left_half,447.5,False,
2025-09-04T23:16:23.710067,136,1,True,beetle,0.454,"(90,641,1125,1285)",607.5,963.1,1035.0,644.4,666988.2,left_half,480.4,True,left_half_detection_20250904_231623_679.jpg
2025-09-04T23:17:24.220378,137,1,True,beetle,0.411,"(88,579,1118,1294)",603.1,936.6,1030.7,715.5,737519.7,left_half,479.3,True,left_half_detection_20250904_231724_189.jpg
2025-09-04T23:18:24.706027,138,0,False,,,,,,,,,left_half,485.3,False,
2025-09-04T23:19:25.179107,139,0,False,,,,,,,,,left_half,472.7,False,
2025-09-04T23:20:25.677294,140,0,False,,,,,,,,,left_half,497.9,False,
2025-09-04T23:21:26.144351,141,0,False,,,,,,,,,left_half,466.8,False,
2025-09-04T23:22:26.606488,142,0,False,,,,,,,,,left_half,461.8,False,
2025-09-04T23:23:27.062100,143,0,False,,,,,,,,,left_half,455.3,False,
2025-09-04T23:24:27.545865,144,0,False,,,,,,,,,left_half,483.5,False,
2025-09-04T23:25:28.030700,145,0,False,,,,,,,,,left_half,484.6,False,
2025-09-04T23:26:28.518539,146,0,False,,,,,,,,,left_half,487.5,False,
2025-09-04T23:27:29.023951,147,1,True,beetle,0.487,"(195,542,1115,1284)",655.2,913.2,920.2,742.3,683059.8,left_half,478.5,True,left_half_detection_20250904_232728_997.jpg
2025-09-04T23:28:29.513579,148,0,False,,,,,,,,,left_half,489.3,False,
2025-09-04T23:29:29.973212,149,0,False,,,,,,,,,left_half,459.3,False,
2025-09-04T23:30:30.445296,150,0,False,,,,,,,,,left_half,471.8,False,
2025-09-04T23:31:30.928237,151,0,False,,,,,,,,,left_half,482.7,False,
2025-09-04T23:32:31.425151,152,0,False,,,,,,,,,left_half,496.6,False,
2025-09-04T23:33:31.921476,153,1,True,beetle,0.437,"(166,684,1125,1295)",645.3,989.3,959.5,611.1,586340.5,left_half,465.6,True,left_half_detection_20250904_233331_891.jpg
2025-09-04T23:34:32.424498,154,1,True,beetle,0.431,"(134,715,1096,1296)",615.3,1005.6,961.7,580.3,558087.8,left_half,476.2,True,left_half_detection_20250904_233432_398.jpg
2025-09-04T23:35:32.919381,155,1,True,beetle,0.614,"(261,577,1104,1286)",682.5,931.6,842.2,709.2,597282.7,left_half,468.7,True,left_half_detection_20250904_233532_893.jpg
2025-09-04T23:36:33.407796,156,1,True,beetle,0.593,"(244,502,1051,1261)",647.8,881.1,807.3,758.9,612671.2,left_half,456.9,True,left_half_detection_20250904_233633_376.jpg
2025-09-04T23:37:33.906427,157,1,True,beetle,0.524,"(208,471,1061,1282)",634.6,876.6,853.6,810.8,692102.7,left_half,467.3,True,left_half_detection_20250904_233733_875.jpg
2025-09-04T23:38:34.422235,158,1,True,beetle,0.485,"(235,502,1056,1259)",645.1,880.5,820.9,756.9,621300.8,left_half,489.1,True,left_half_detection_20250904_233834_395.jpg
2025-09-04T23:39:34.947031,159,1,True,beetle,0.494,"(227,452,1054,1266)",640.3,858.9,826.5,814.5,673166.3,left_half,493.5,True,left_half_detection_20250904_233934_916.jpg
2025-09-04T23:40:35.483197,160,1,True,beetle,0.418,"(252,475,1041,1270)",646.7,872.7,789.3,794.8,627333.7,left_half,509.2,True,left_half_detection_20250904_234035_456.jpg
2025-09-04T23:41:35.989871,161,1,True,beetle,0.456,"(233,482,1046,1277)",639.7,879.1,813.1,794.9,646290.5,left_half,479.2,True,left_half_detection_20250904_234135_962.jpg
2025-09-04T23:42:36.520996,162,1,True,beetle,0.402,"(230,499,1047,1285)",638.3,891.6,817.2,785.9,642239.0,left_half,500.6,True,left_half_detection_20250904_234236_490.jpg
2025-09-04T23:43:36.990742,163,0,False,,,,,,,,,left_half,469.5,False,
2025-09-04T23:44:37.499564,164,1,True,beetle,0.477,"(237,506,1043,1267)",640.2,886.3,805.6,761.2,613250.4,left_half,479.6,True,left_half_detection_20250904_234437_470.jpg
2025-09-04T23:45:37.966239,165,0,False,,,,,,,,,left_half,466.4,False,
2025-09-04T23:46:38.445741,166,1,True,beetle,0.513,"(235,493,1053,1276)",643.7,884.5,818.3,782.6,640364.9,left_half,453.1,True,left_half_detection_20250904_234638_419.jpg
2025-09-04T23:47:38.939000,167,1,True,beetle,0.464,"(240,502,1035,1268)",637.5,885.0,795.3,765.9,609112.5,left_half,462.5,True,left_half_detection_20250904_234738_908.jpg
2025-09-04T23:48:39.456877,168,1,True,beetle,0.480,"(232,503,1050,1271)",641.2,886.9,817.4,768.5,628190.8,left_half,489.8,True,left_half_detection_20250904_234839_429.jpg
2025-09-04T23:49:39.973098,169,1,True,beetle,0.519,"(236,508,1051,1276)",643.5,892.0,815.7,768.8,627170.9,left_half,488.9,True,left_half_detection_20250904_234939_946.jpg
2025-09-04T23:50:40.464405,170,1,True,beetle,0.422,"(231,532,1099,1283)",665.0,907.5,867.7,750.9,651562.1,left_half,460.2,True,left_half_detection_20250904_235040_433.jpg
2025-09-04T23:51:40.923287,171,0,False,,,,,,,,,left_half,458.6,False,
2025-09-04T23:52:41.417991,172,1,True,beetle,0.444,"(203,497,1051,1255)",627.1,876.3,847.9,758.0,642674.1,left_half,467.5,True,left_half_detection_20250904_235241_391.jpg
2025-09-04T23:53:41.910136,173,1,True,beetle,0.526,"(216,508,1095,1277)",655.6,892.6,879.6,769.7,677027.0,left_half,465.3,True,left_half_detection_20250904_235341_883.jpg
2025-09-04T23:54:42.400053,174,1,True,beetle,0.452,"(176,477,1050,1258)",613.4,867.7,874.1,781.3,682881.8,left_half,459.7,True,left_half_detection_20250904_235442_370.jpg
2025-09-04T23:55:42.879723,175,0,False,,,,,,,,,left_half,479.4,False,
2025-09-04T23:56:43.346430,176,0,False,,,,,,,,,left_half,466.3,False,
2025-09-04T23:57:43.844282,177,1,True,beetle,0.455,"(193,484,1057,1267)",625.2,875.5,864.3,782.9,676595.2,left_half,470.3,True,left_half_detection_20250904_235743_817.jpg
2025-09-04T23:58:44.293060,178,0,False,,,,,,,,,left_half,448.5,False,
2025-09-04T23:59:44.779606,179,1,True,beetle,0.423,"(195,484,1056,1265)",625.5,874.2,861.2,781.1,672629.8,left_half,459.7,True,left_half_detection_20250904_235944_753.jpg
2025-09-05T00:00:45.242239,180,0,False,,,,,,,,,left_half,462.3,False,
2025-09-05T00:01:45.709547,181,0,False,,,,,,,,,left_half,467.0,False,
2025-09-05T00:02:46.197788,182,0,False,,,,,,,,,left_half,487.9,False,
2025-09-05T00:03:46.709652,183,1,True,beetle,0.457,"(239,505,1033,1244)",635.6,874.4,794.0,739.4,587137.2,left_half,481.1,True,left_half_detection_20250905_000346_679.jpg
2025-09-05T00:04:47.198626,184,1,True,beetle,0.498,"(326,566,1099,1243)",712.5,904.8,772.2,677.3,523020.0,left_half,461.6,True,left_half_detection_20250905_000447_171.jpg
2025-09-05T00:05:47.699642,185,1,True,beetle,0.531,"(351,575,1100,1223)",725.3,899.3,748.6,648.1,485157.4,left_half,474.6,True,left_half_detection_20250905_000547_673.jpg
2025-09-05T00:06:48.193672,186,1,True,beetle,0.499,"(340,564,1100,1232)",720.0,897.8,759.9,668.5,507978.3,left_half,461.2,True,left_half_detection_20250905_000648_161.jpg
2025-09-05T00:07:48.697074,187,1,True,beetle,0.473,"(350,568,1099,1216)",724.3,892.3,749.3,647.6,485244.3,left_half,475.9,True,left_half_detection_20250905_000748_670.jpg
2025-09-05T00:08:49.246457,188,1,True,beetle,0.464,"(350,568,1099,1217)",724.4,892.8,749.0,649.4,486369.7,left_half,521.6,True,left_half_detection_20250905_000849_219.jpg
2025-09-05T00:09:49.772012,189,0,False,,,,,,,,,left_half,525.2,False,
2025-09-05T00:10:50.273112,190,1,True,beetle,0.493,"(212,491,1096,1275)",654.0,882.6,885.0,784.2,693980.2,left_half,470.6,True,left_half_detection_20250905_001050_243.jpg
2025-09-05T00:11:50.774197,191,1,True,beetle,0.443,"(221,494,1095,1273)",658.0,883.8,874.1,779.1,681072.3,left_half,473.8,True,left_half_detection_20250905_001150_747.jpg
2025-09-05T00:12:51.290939,192,1,True,beetle,0.449,"(222,499,1093,1272)",657.5,885.1,870.3,773.1,672855.6,left_half,485.0,True,left_half_detection_20250905_001251_259.jpg
2025-09-05T00:13:51.791118,193,1,True,beetle,0.436,"(225,498,1094,1270)",659.5,883.8,869.4,772.2,671384.7,left_half,468.5,True,left_half_detection_20250905_001351_759.jpg
2025-09-05T00:14:52.271615,194,1,True,beetle,0.406,"(231,506,1095,1271)",662.6,888.2,863.8,765.3,661120.6,left_half,453.1,True,left_half_detection_20250905_001452_244.jpg
2025-09-05T00:15:52.756226,195,0,False,,,,,,,,,left_half,484.3,False,
2025-09-05T00:16:53.226151,196,0,False,,,,,,,,,left_half,469.6,False,
2025-09-05T00:17:53.692903,197,0,False,,,,,,,,,left_half,466.5,False,
2025-09-05T00:18:54.183312,198,0,False,,,,,,,,,left_half,490.0,False,
2025-09-05T00:19:54.654611,199,0,False,,,,,,,,,left_half,470.6,False,
2025-09-05T00:20:55.132991,200,0,False,,,,,,,,,left_half,478.1,False,
2025-09-05T00:21:55.618672,201,0,False,,,,,,,,,left_half,485.4,False,
2025-09-05T00:22:56.084179,202,0,False,,,,,,,,,left_half,465.2,False,
2025-09-05T00:23:56.572015,203,1,True,beetle,0.488,"(212,446,1050,1289)",631.2,867.4,838.7,843.6,707492.7,left_half,461.2,True,left_half_detection_20250905_002356_545.jpg
2025-09-05T00:24:57.034965,204,0,False,,,,,,,,,left_half,462.6,False,
2025-09-05T00:25:57.556237,205,1,True,beetle,0.471,"(210,455,1049,1278)",629.6,866.4,839.0,823.2,690590.0,left_half,490.6,True,left_half_detection_20250905_002557_526.jpg
2025-09-05T00:26:58.065584,206,1,True,beetle,0.475,"(202,429,1051,1277)",626.1,852.9,849.0,847.3,719323.2,left_half,483.2,True,left_half_detection_20250905_002658_039.jpg
2025-09-05T00:27:58.551668,207,1,True,beetle,0.439,"(198,438,1054,1276)",625.9,856.9,855.3,837.4,716291.3,left_half,458.4,True,left_half_detection_20250905_002758_524.jpg
2025-09-05T00:28:59.065803,208,1,True,beetle,0.460,"(198,440,1046,1277)",622.1,858.5,848.7,838.0,711217.8,left_half,482.8,True,left_half_detection_20250905_002859_035.jpg
2025-09-05T00:29:59.562764,209,1,True,beetle,0.435,"(149,546,1058,1248)",603.8,896.9,908.7,701.6,637620.9,left_half,470.5,True,left_half_detection_20250905_002959_536.jpg
2025-09-05T00:31:00.062690,210,1,True,beetle,0.516,"(179,234,1006,1270)",592.5,752.1,827.3,1036.4,857398.4,left_half,473.4,True,left_half_detection_20250905_003100_036.jpg
2025-09-05T00:32:00.536187,211,0,False,,,,,,,,,left_half,473.2,False,
2025-09-05T00:33:01.012728,212,0,False,,,,,,,,,left_half,476.1,False,
2025-09-05T00:34:01.458038,213,0,False,,,,,,,,,left_half,445.0,False,
2025-09-05T00:35:01.929019,214,0,False,,,,,,,,,left_half,470.7,False,
2025-09-05T00:36:02.389677,215,0,False,,,,,,,,,left_half,460.3,False,
2025-09-05T00:37:02.876035,216,0,False,,,,,,,,,left_half,486.0,False,
2025-09-05T00:38:03.332299,217,0,False,,,,,,,,,left_half,456.0,False,
2025-09-05T00:39:03.793460,218,0,False,,,,,,,,,left_half,460.7,False,
2025-09-05T00:40:04.270720,219,0,False,,,,,,,,,left_half,476.6,False,
2025-09-05T00:41:04.761052,220,0,False,,,,,,,,,left_half,490.0,False,
2025-09-05T00:42:05.233651,221,0,False,,,,,,,,,left_half,472.3,False,
2025-09-05T00:43:05.711074,222,0,False,,,,,,,,,left_half,477.1,False,
2025-09-05T00:44:06.170583,223,0,False,,,,,,,,,left_half,459.2,False,
2025-09-05T00:45:06.632881,224,0,False,,,,,,,,,left_half,462.0,False,
2025-09-05T00:46:07.101316,225,0,False,,,,,,,,,left_half,468.1,False,
2025-09-05T00:47:07.571533,226,0,False,,,,,,,,,left_half,469.9,False,
2025-09-05T00:48:08.056025,227,0,False,,,,,,,,,left_half,484.2,False,
2025-09-05T00:49:08.539645,228,0,False,,,,,,,,,left_half,483.3,False,
2025-09-05T00:50:09.032731,229,0,False,,,,,,,,,left_half,492.5,False,
2025-09-05T00:51:09.485933,230,0,False,,,,,,,,,left_half,452.9,False,
2025-09-05T00:52:09.964358,231,0,False,,,,,,,,,left_half,476.3,False,
2025-09-05T00:53:10.439702,232,0,False,,,,,,,,,left_half,475.0,False,
2025-09-05T00:54:10.905067,233,0,False,,,,,,,,,left_half,464.9,False,
2025-09-05T00:55:11.371246,234,0,False,,,,,,,,,left_half,465.8,False,
2025-09-05T00:56:11.828303,235,0,False,,,,,,,,,left_half,456.7,False,
2025-09-05T00:57:12.292996,236,0,False,,,,,,,,,left_half,464.4,False,
2025-09-05T00:58:12.774353,237,0,False,,,,,,,,,left_half,481.1,False,
2025-09-05T00:59:13.234215,238,0,False,,,,,,,,,left_half,459.6,False,
2025-09-05T01:00:13.708922,239,0,False,,,,,,,,,left_half,474.4,False,
2025-09-05T01:01:14.181463,240,0,False,,,,,,,,,left_half,472.2,False,
2025-09-05T01:02:14.639161,241,0,False,,,,,,,,,left_half,457.4,False,
2025-09-05T01:03:15.126415,242,0,False,,,,,,,,,left_half,486.9,False,
2025-09-05T01:04:15.588937,243,0,False,,,,,,,,,left_half,462.2,False,
2025-09-05T01:05:16.073746,244,0,False,,,,,,,,,left_half,484.4,False,
2025-09-05T01:06:16.541948,245,0,False,,,,,,,,,left_half,467.9,False,
2025-09-05T01:07:17.041666,246,0,False,,,,,,,,,left_half,499.2,False,
2025-09-05T01:08:17.555509,247,0,False,,,,,,,,,left_half,513.6,False,
2025-09-05T01:09:18.026617,248,0,False,,,,,,,,,left_half,470.8,False,
2025-09-05T01:10:18.502891,249,0,False,,,,,,,,,left_half,475.9,False,
2025-09-05T01:11:18.953144,250,0,False,,,,,,,,,left_half,449.9,False,
2025-09-05T01:12:19.407268,251,0,False,,,,,,,,,left_half,453.6,False,
2025-09-05T01:13:19.887279,252,0,False,,,,,,,,,left_half,479.7,False,
2025-09-05T01:14:20.357740,253,0,False,,,,,,,,,left_half,470.2,False,
2025-09-05T01:15:20.820205,254,0,False,,,,,,,,,left_half,462.2,False,
2025-09-05T01:16:21.281602,255,0,False,,,,,,,,,left_half,461.1,False,
2025-09-05T01:17:21.777168,256,0,False,,,,,,,,,left_half,495.3,False,
2025-09-05T01:18:22.246896,257,0,False,,,,,,,,,left_half,469.4,False,
2025-09-05T01:19:22.755616,258,0,False,,,,,,,,,left_half,508.4,False,
2025-09-05T01:20:23.247889,259,0,False,,,,,,,,,left_half,492.0,False,
2025-09-05T01:21:23.733188,260,0,False,,,,,,,,,left_half,485.0,False,
2025-09-05T01:22:24.225954,261,0,False,,,,,,,,,left_half,492.5,False,
2025-09-05T01:23:24.729893,262,1,True,beetle,0.452,"(181,552,1102,1264)",641.2,908.1,921.3,712.5,656348.1,left_half,473.1,True,left_half_detection_20250905_012324_699.jpg
2025-09-05T01:24:25.188060,263,0,False,,,,,,,,,left_half,457.8,False,
2025-09-05T01:25:25.678027,264,0,False,,,,,,,,,left_half,489.5,False,
2025-09-05T01:26:26.150259,265,0,False,,,,,,,,,left_half,471.9,False,
2025-09-05T01:27:26.619295,266,0,False,,,,,,,,,left_half,468.7,False,
2025-09-05T01:28:27.115123,267,0,False,,,,,,,,,left_half,495.5,False,
2025-09-05T01:29:27.563679,268,0,False,,,,,,,,,left_half,448.1,False,
2025-09-05T01:30:28.030824,269,0,False,,,,,,,,,left_half,466.8,False,
2025-09-05T01:31:28.497779,270,0,False,,,,,,,,,left_half,466.6,False,
2025-09-05T01:32:28.960494,271,0,False,,,,,,,,,left_half,462.4,False,
2025-09-05T01:33:29.433384,272,0,False,,,,,,,,,left_half,472.6,False,
2025-09-05T01:34:29.911203,273,0,False,,,,,,,,,left_half,477.4,False,
2025-09-05T01:35:30.398414,274,1,True,beetle,0.443,"(151,479,1057,1199)",604.0,839.5,906.0,720.0,652347.2,left_half,459.7,True,left_half_detection_20250905_013530_371.jpg
2025-09-05T01:36:30.905059,275,1,True,beetle,0.416,"(164,476,1051,1192)",607.5,834.2,886.9,716.5,635445.5,left_half,480.2,True,left_half_detection_20250905_013630_879.jpg
2025-09-05T01:37:31.366855,276,0,False,,,,,,,,,left_half,461.4,False,
2025-09-05T01:38:31.912457,277,1,True,beetle,0.448,"(151,520,1101,1260)",626.0,890.4,949.5,739.8,702429.6,left_half,514.7,True,left_half_detection_20250905_013831_881.jpg
2025-09-05T01:39:32.450220,278,1,True,beetle,0.422,"(162,482,1050,1243)",606.1,862.4,888.7,761.1,676386.5,left_half,511.0,True,left_half_detection_20250905_013932_423.jpg
2025-09-05T01:40:32.915241,279,0,False,,,,,,,,,left_half,464.7,False,
2025-09-05T01:41:33.387703,280,0,False,,,,,,,,,left_half,471.9,False,
2025-09-05T01:42:33.860055,281,0,False,,,,,,,,,left_half,472.0,False,
2025-09-05T01:43:34.341168,282,0,False,,,,,,,,,left_half,480.8,False,
2025-09-05T01:44:34.810132,283,0,False,,,,,,,,,left_half,468.6,False,
2025-09-05T01:45:35.293140,284,0,False,,,,,,,,,left_half,482.7,False,
2025-09-05T01:46:35.787826,285,0,False,,,,,,,,,left_half,494.3,False,
2025-09-05T01:47:36.257367,286,0,False,,,,,,,,,left_half,469.2,False,
2025-09-05T01:48:36.739894,287,0,False,,,,,,,,,left_half,482.2,False,
2025-09-05T01:49:37.212271,288,0,False,,,,,,,,,left_half,472.1,False,
2025-09-05T01:50:37.665073,289,0,False,,,,,,,,,left_half,452.5,False,
2025-09-05T01:51:38.127224,290,0,False,,,,,,,,,left_half,461.9,False,
2025-09-05T01:52:38.627356,291,0,False,,,,,,,,,left_half,499.8,False,
2025-09-05T01:53:39.093019,292,0,False,,,,,,,,,left_half,465.0,False,
2025-09-05T01:54:39.561263,293,0,False,,,,,,,,,left_half,467.9,False,
2025-09-05T01:55:40.014115,294,0,False,,,,,,,,,left_half,452.6,False,
2025-09-05T01:56:40.470215,295,0,False,,,,,,,,,left_half,455.8,False,
2025-09-05T01:57:40.951785,296,1,True,beetle,0.441,"(83,89,1034,1296)",558.1,692.7,951.1,1206.6,1147503.1,left_half,454.1,True,left_half_detection_20250905_015740_924.jpg
2025-09-05T01:58:41.413654,297,0,False,,,,,,,,,left_half,461.6,False,
2025-09-05T01:59:41.888687,298,0,False,,,,,,,,,left_half,474.8,False,
2025-09-05T02:00:42.398739,299,0,False,,,,,,,,,left_half,509.7,False,
2025-09-05T02:01:42.853315,300,0,False,,,,,,,,,left_half,454.2,False,
2025-09-05T02:02:43.364661,301,0,False,,,,,,,,,left_half,510.9,False,
2025-09-05T02:03:43.851618,302,0,False,,,,,,,,,left_half,486.6,False,
2025-09-05T02:04:44.314025,303,0,False,,,,,,,,,left_half,462.1,False,
2025-09-05T02:05:44.807304,304,0,False,,,,,,,,,left_half,493.0,False,
2025-09-05T02:06:45.282712,305,0,False,,,,,,,,,left_half,475.1,False,
2025-09-05T02:07:45.761570,306,0,False,,,,,,,,,left_half,478.5,False,
2025-09-05T02:08:46.241535,307,0,False,,,,,,,,,left_half,479.6,False,
2025-09-05T02:09:46.689019,308,0,False,,,,,,,,,left_half,447.2,False,
2025-09-05T02:10:47.177957,309,0,False,,,,,,,,,left_half,488.7,False,
2025-09-05T02:11:47.620578,310,0,False,,,,,,,,,left_half,442.3,False,
2025-09-05T02:12:48.082739,311,0,False,,,,,,,,,left_half,461.9,False,
2025-09-05T02:13:48.558879,312,0,False,,,,,,,,,left_half,475.9,False,
2025-09-05T02:14:49.049752,313,0,False,,,,,,,,,left_half,490.1,False,
2025-09-05T02:15:49.525077,314,0,False,,,,,,,,,left_half,475.0,False,
2025-09-05T02:16:49.997707,315,0,False,,,,,,,,,left_half,472.4,False,
2025-09-05T02:17:50.492671,316,0,False,,,,,,,,,left_half,494.7,False,
2025-09-05T02:18:50.957010,317,0,False,,,,,,,,,left_half,464.0,False,
2025-09-05T02:19:51.429644,318,0,False,,,,,,,,,left_half,472.2,False,
2025-09-05T02:20:51.917644,319,0,False,,,,,,,,,left_half,487.7,False,
2025-09-05T02:21:52.393613,320,0,False,,,,,,,,,left_half,475.7,False,
2025-09-05T02:22:52.884487,321,0,False,,,,,,,,,left_half,490.6,False,
2025-09-05T02:23:53.351199,322,0,False,,,,,,,,,left_half,466.5,False,
2025-09-05T02:24:53.837900,323,0,False,,,,,,,,,left_half,486.4,False,
2025-09-05T02:25:54.298827,324,0,False,,,,,,,,,left_half,460.7,False,
2025-09-05T02:26:54.798863,325,1,True,beetle,0.416,"(230,738,1152,1293)",691.2,1015.5,921.6,554.4,510970.9,left_half,468.9,True,left_half_detection_20250905_022654_768.jpg
2025-09-05T02:27:55.303051,326,1,True,beetle,0.421,"(214,663,1130,1293)",672.1,977.9,916.6,629.9,577369.8,left_half,476.6,True,left_half_detection_20250905_022755_276.jpg
2025-09-05T02:28:55.798197,327,1,True,beetle,0.489,"(189,645,1150,1295)",669.4,969.9,960.3,650.1,624230.9,left_half,466.9,True,left_half_detection_20250905_022855_770.jpg
2025-09-05T02:29:56.272869,328,0,False,,,,,,,,,left_half,474.4,False,
2025-09-05T02:30:56.785527,329,1,True,beetle,0.407,"(191,681,1152,1296)",671.6,988.7,960.8,614.6,590555.5,left_half,480.6,True,left_half_detection_20250905_023056_753.jpg
2025-09-05T02:31:57.281449,330,1,True,beetle,0.468,"(203,676,1152,1296)",677.7,986.0,948.5,619.2,587275.0,left_half,468.8,True,left_half_detection_20250905_023157_254.jpg
2025-09-05T02:32:57.793692,331,1,True,beetle,0.426,"(197,688,1152,1294)",674.7,991.0,954.6,606.3,578787.0,left_half,481.1,True,left_half_detection_20250905_023257_763.jpg
2025-09-05T02:33:58.296225,332,1,True,beetle,0.451,"(193,662,1152,1293)",672.6,977.3,958.8,631.1,605077.2,left_half,471.2,True,left_half_detection_20250905_023358_265.jpg
2025-09-05T02:34:58.794711,333,0,False,,,,,,,,,left_half,498.2,False,
2025-09-05T02:35:59.313637,334,0,False,,,,,,,,,left_half,518.6,False,
2025-09-05T02:36:59.782274,335,0,False,,,,,,,,,left_half,468.3,False,
2025-09-05T02:38:00.263367,336,0,False,,,,,,,,,left_half,480.8,False,
2025-09-05T02:39:00.737138,337,0,False,,,,,,,,,left_half,473.5,False,
2025-09-05T02:40:01.202553,338,0,False,,,,,,,,,left_half,465.0,False,
2025-09-05T02:41:01.732552,339,0,False,,,,,,,,,left_half,529.6,False,
2025-09-05T02:42:02.204396,340,0,False,,,,,,,,,left_half,471.5,False,
2025-09-05T02:43:02.652828,341,0,False,,,,,,,,,left_half,448.1,False,
2025-09-05T02:44:03.110528,342,0,False,,,,,,,,,left_half,457.4,False,
2025-09-05T02:45:03.580224,343,0,False,,,,,,,,,left_half,469.4,False,
2025-09-05T02:46:04.086505,344,0,False,,,,,,,,,left_half,505.9,False,
2025-09-05T02:47:04.550967,345,0,False,,,,,,,,,left_half,464.2,False,
2025-09-05T02:48:05.008043,346,0,False,,,,,,,,,left_half,456.7,False,
2025-09-05T02:49:05.464736,347,0,False,,,,,,,,,left_half,456.4,False,
2025-09-05T02:50:05.937687,348,0,False,,,,,,,,,left_half,472.7,False,
2025-09-05T02:51:06.402124,349,0,False,,,,,,,,,left_half,464.1,False,
2025-09-05T02:52:06.852104,350,0,False,,,,,,,,,left_half,449.6,False,
2025-09-05T02:53:07.339155,351,0,False,,,,,,,,,left_half,486.8,False,
2025-09-05T02:54:07.830201,352,0,False,,,,,,,,,left_half,490.8,False,
2025-09-05T02:55:08.297410,353,0,False,,,,,,,,,left_half,465.5,False,
2025-09-05T02:56:08.751310,354,0,False,,,,,,,,,left_half,453.6,False,
2025-09-05T02:57:09.229373,355,0,False,,,,,,,,,left_half,477.8,False,
2025-09-05T02:58:09.696778,356,0,False,,,,,,,,,left_half,467.0,False,
2025-09-05T02:59:10.170418,357,0,False,,,,,,,,,left_half,473.3,False,
2025-09-05T03:00:10.638739,358,0,False,,,,,,,,,left_half,467.9,False,
2025-09-05T03:01:11.101784,359,0,False,,,,,,,,,left_half,462.8,False,
2025-09-05T03:02:11.542736,360,0,False,,,,,,,,,left_half,440.6,False,
2025-09-05T03:03:12.007404,361,0,False,,,,,,,,,left_half,464.4,False,
2025-09-05T03:04:12.476173,362,0,False,,,,,,,,,left_half,468.5,False,
2025-09-05T03:05:12.929567,363,0,False,,,,,,,,,left_half,453.0,False,
2025-09-05T03:06:13.391792,364,0,False,,,,,,,,,left_half,461.7,False,
2025-09-05T03:07:13.866295,365,0,False,,,,,,,,,left_half,474.2,False,
2025-09-05T03:08:14.351686,366,0,False,,,,,,,,,left_half,485.1,False,
2025-09-05T03:09:14.832037,367,0,False,,,,,,,,,left_half,480.1,False,
2025-09-05T03:10:15.303679,368,0,False,,,,,,,,,left_half,471.2,False,
2025-09-05T03:11:15.771534,369,0,False,,,,,,,,,left_half,467.5,False,
2025-09-05T03:12:16.231009,370,0,False,,,,,,,,,left_half,459.1,False,
2025-09-05T03:13:16.691488,371,0,False,,,,,,,,,left_half,460.1,False,
2025-09-05T03:14:17.163070,372,0,False,,,,,,,,,left_half,471.3,False,
2025-09-05T03:15:17.648746,373,0,False,,,,,,,,,left_half,485.4,False,
2025-09-05T03:16:18.110973,374,0,False,,,,,,,,,left_half,461.9,False,
2025-09-05T03:17:18.567465,375,0,False,,,,,,,,,left_half,456.2,False,
2025-09-05T03:18:19.041725,376,0,False,,,,,,,,,left_half,473.6,False,
2025-09-05T03:19:19.514299,377,0,False,,,,,,,,,left_half,472.3,False,
2025-09-05T03:20:19.988899,378,0,False,,,,,,,,,left_half,474.3,False,
2025-09-05T03:21:20.455253,379,0,False,,,,,,,,,left_half,466.1,False,
2025-09-05T03:22:20.929918,380,0,False,,,,,,,,,left_half,474.4,False,
2025-09-05T03:23:21.428951,381,1,True,beetle,0.450,"(145,622,1152,1294)",648.4,958.1,1007.2,672.0,676804.7,left_half,472.3,True,left_half_detection_20250905_032321_402.jpg
2025-09-05T03:24:21.907766,382,0,False,,,,,,,,,left_half,478.4,False,
2025-09-05T03:25:22.363389,383,0,False,,,,,,,,,left_half,455.3,False,
2025-09-05T03:26:22.816280,384,0,False,,,,,,,,,left_half,452.6,False,
2025-09-05T03:27:23.318877,385,0,False,,,,,,,,,left_half,502.3,False,
2025-09-05T03:28:23.784010,386,0,False,,,,,,,,,left_half,464.8,False,
2025-09-05T03:29:24.247329,387,0,False,,,,,,,,,left_half,462.5,False,
2025-09-05T03:30:24.720437,388,0,False,,,,,,,,,left_half,472.8,False,
2025-09-05T03:31:25.195157,389,0,False,,,,,,,,,left_half,474.4,False,
2025-09-05T03:32:25.651145,390,0,False,,,,,,,,,left_half,455.7,False,
2025-09-05T03:33:26.136541,391,0,False,,,,,,,,,left_half,485.0,False,
2025-09-05T03:34:26.603044,392,0,False,,,,,,,,,left_half,465.9,False,
2025-09-05T03:35:27.067454,393,0,False,,,,,,,,,left_half,464.1,False,
2025-09-05T03:36:27.546175,394,0,False,,,,,,,,,left_half,478.4,False,
2025-09-05T03:37:28.008390,395,0,False,,,,,,,,,left_half,461.9,False,
2025-09-05T03:38:28.491382,396,0,False,,,,,,,,,left_half,482.1,False,
2025-09-05T03:39:28.959827,397,0,False,,,,,,,,,left_half,468.1,False,
2025-09-05T03:40:29.435014,398,0,False,,,,,,,,,left_half,474.9,False,
2025-09-05T03:41:29.907936,399,0,False,,,,,,,,,left_half,472.7,False,
2025-09-05T03:42:30.359915,400,0,False,,,,,,,,,left_half,451.5,False,
2025-09-05T03:43:30.833784,401,0,False,,,,,,,,,left_half,473.5,False,
2025-09-05T03:44:31.308237,402,0,False,,,,,,,,,left_half,474.2,False,
2025-09-05T03:45:31.820806,403,0,False,,,,,,,,,left_half,512.3,False,
2025-09-05T03:46:32.285722,404,0,False,,,,,,,,,left_half,464.6,False,
2025-09-05T03:47:32.752510,405,0,False,,,,,,,,,left_half,466.5,False,
2025-09-05T03:48:33.237444,406,0,False,,,,,,,,,left_half,484.6,False,
2025-09-05T03:49:33.699828,407,0,False,,,,,,,,,left_half,462.1,False,
2025-09-05T03:50:34.178989,408,0,False,,,,,,,,,left_half,478.9,False,
2025-09-05T03:51:34.656086,409,0,False,,,,,,,,,left_half,475.9,False,
2025-09-05T03:52:35.129358,410,0,False,,,,,,,,,left_half,472.9,False,
2025-09-05T03:53:35.611386,411,0,False,,,,,,,,,left_half,481.7,False,
2025-09-05T03:54:36.094797,412,0,False,,,,,,,,,left_half,483.0,False,
2025-09-05T03:55:36.538660,413,0,False,,,,,,,,,left_half,443.5,False,
2025-09-05T03:56:36.997919,414,0,False,,,,,,,,,left_half,458.9,False,
2025-09-05T03:57:37.453067,415,0,False,,,,,,,,,left_half,454.9,False,
2025-09-05T03:58:37.919832,416,0,False,,,,,,,,,left_half,466.5,False,
2025-09-05T03:59:38.393911,417,0,False,,,,,,,,,left_half,473.8,False,
2025-09-05T04:00:38.859826,418,0,False,,,,,,,,,left_half,465.6,False,
2025-09-05T04:01:39.322895,419,0,False,,,,,,,,,left_half,462.7,False,
2025-09-05T04:02:39.810484,420,0,False,,,,,,,,,left_half,486.4,False,
2025-09-05T04:03:40.310223,421,0,False,,,,,,,,,left_half,499.4,False,
2025-09-05T04:04:40.788552,422,0,False,,,,,,,,,left_half,478.1,False,
2025-09-05T04:05:41.247053,423,0,False,,,,,,,,,left_half,458.2,False,
2025-09-05T04:06:41.733879,424,0,False,,,,,,,,,left_half,486.6,False,
2025-09-05T04:07:42.201387,425,0,False,,,,,,,,,left_half,467.2,False,
2025-09-05T04:08:42.672593,426,0,False,,,,,,,,,left_half,470.9,False,
2025-09-05T04:09:43.149199,427,0,False,,,,,,,,,left_half,476.2,False,
2025-09-05T04:10:43.616348,428,0,False,,,,,,,,,left_half,466.9,False,
2025-09-05T04:11:44.104210,429,0,False,,,,,,,,,left_half,487.5,False,
2025-09-05T04:12:44.580363,430,0,False,,,,,,,,,left_half,475.9,False,
2025-09-05T04:13:45.056528,431,0,False,,,,,,,,,left_half,475.6,False,
2025-09-05T04:14:45.520160,432,0,False,,,,,,,,,left_half,463.3,False,
2025-09-05T04:15:45.989976,433,0,False,,,,,,,,,left_half,469.5,False,
2025-09-05T04:16:46.465937,434,0,False,,,,,,,,,left_half,475.7,False,
2025-09-05T04:17:46.950158,435,0,False,,,,,,,,,left_half,483.9,False,
2025-09-05T04:18:47.412629,436,0,False,,,,,,,,,left_half,462.1,False,
2025-09-05T04:19:47.877780,437,0,False,,,,,,,,,left_half,464.9,False,
2025-09-05T04:20:48.353100,438,0,False,,,,,,,,,left_half,475.0,False,
2025-09-05T04:21:48.844280,439,0,False,,,,,,,,,left_half,490.8,False,
2025-09-05T04:22:49.298270,440,0,False,,,,,,,,,left_half,453.3,False,
2025-09-05T04:23:49.753708,441,0,False,,,,,,,,,left_half,455.2,False,
2025-09-05T04:24:50.238144,442,0,False,,,,,,,,,left_half,484.1,False,
2025-09-05T04:25:50.699214,443,0,False,,,,,,,,,left_half,458.2,False,
2025-09-05T04:26:51.200869,444,0,False,,,,,,,,,left_half,501.4,False,
2025-09-05T04:27:51.684730,445,0,False,,,,,,,,,left_half,483.6,False,
2025-09-05T04:28:52.155088,446,0,False,,,,,,,,,left_half,469.8,False,
2025-09-05T04:29:52.625111,447,0,False,,,,,,,,,left_half,469.7,False,
2025-09-05T04:30:53.098128,448,0,False,,,,,,,,,left_half,472.7,False,
2025-09-05T04:31:53.555883,449,0,False,,,,,,,,,left_half,457.1,False,
2025-09-05T04:32:54.026150,450,0,False,,,,,,,,,left_half,469.9,False,
2025-09-05T04:33:54.486331,451,0,False,,,,,,,,,left_half,459.9,False,
2025-09-05T04:34:54.959626,452,0,False,,,,,,,,,left_half,473.0,False,
2025-09-05T04:35:55.453594,453,0,False,,,,,,,,,left_half,493.7,False,
2025-09-05T04:36:55.916518,454,0,False,,,,,,,,,left_half,462.6,False,
2025-09-05T04:37:56.375441,455,0,False,,,,,,,,,left_half,458.5,False,
2025-09-05T04:38:56.843443,456,0,False,,,,,,,,,left_half,467.6,False,
2025-09-05T04:39:57.315537,457,0,False,,,,,,,,,left_half,471.7,False,
2025-09-05T04:40:57.797624,458,0,False,,,,,,,,,left_half,481.8,False,
2025-09-05T04:41:58.255119,459,0,False,,,,,,,,,left_half,457.2,False,
2025-09-05T04:42:58.719872,460,0,False,,,,,,,,,left_half,464.4,False,
2025-09-05T04:43:59.238093,461,1,True,beetle,0.455,"(750,490,1152,1134)",951.2,811.9,401.6,643.7,258522.2,left_half,490.9,True,left_half_detection_20250905_044359_211.jpg
2025-09-05T04:44:59.730822,462,0,False,,,,,,,,,left_half,492.4,False,
2025-09-05T04:46:00.190918,463,0,False,,,,,,,,,left_half,459.8,False,
2025-09-05T04:47:00.698449,464,1,True,beetle,0.474,"(766,496,1152,1139)",958.9,817.5,386.1,642.8,248195.3,left_half,476.7,True,left_half_detection_20250905_044700_668.jpg
2025-09-05T04:48:01.182022,465,1,True,beetle,0.462,"(769,494,1152,1157)",960.3,825.4,383.4,662.7,254110.2,left_half,456.6,True,left_half_detection_20250905_044801_155.jpg
2025-09-05T04:49:01.684094,466,1,True,beetle,0.443,"(754,495,1152,1138)",953.1,816.4,397.8,642.7,255682.2,left_half,470.6,True,left_half_detection_20250905_044901_653.jpg
2025-09-05T04:50:02.123328,467,0,False,,,,,,,,,left_half,438.9,False,
2025-09-05T04:51:02.589433,468,0,False,,,,,,,,,left_half,465.7,False,
2025-09-05T04:52:03.053308,469,0,False,,,,,,,,,left_half,463.5,False,
2025-09-05T04:53:03.518436,470,0,False,,,,,,,,,left_half,464.8,False,
2025-09-05T04:54:04.004296,471,0,False,,,,,,,,,left_half,485.6,False,
2025-09-05T04:55:04.459287,472,0,False,,,,,,,,,left_half,454.6,False,
2025-09-05T04:56:04.933478,473,0,False,,,,,,,,,left_half,473.9,False,
2025-09-05T04:57:05.410803,474,0,False,,,,,,,,,left_half,477.0,False,
2025-09-05T04:58:05.867288,475,0,False,,,,,,,,,left_half,456.2,False,
2025-09-05T04:59:06.324049,476,0,False,,,,,,,,,left_half,456.5,False,
2025-09-05T05:00:06.803671,477,0,False,,,,,,,,,left_half,479.3,False,
2025-09-05T05:01:07.255022,478,0,False,,,,,,,,,left_half,451.0,False,
2025-09-05T05:02:07.732272,479,0,False,,,,,,,,,left_half,476.9,False,
2025-09-05T05:03:08.240787,480,0,False,,,,,,,,,left_half,508.2,False,
2025-09-05T05:04:08.729009,481,0,False,,,,,,,,,left_half,487.9,False,
2025-09-05T05:05:09.213805,482,0,False,,,,,,,,,left_half,484.5,False,
2025-09-05T05:06:09.674918,483,0,False,,,,,,,,,left_half,460.8,False,
2025-09-05T05:07:10.147071,484,0,False,,,,,,,,,left_half,471.8,False,
2025-09-05T05:08:10.606929,485,0,False,,,,,,,,,left_half,459.6,False,
2025-09-05T05:09:11.070642,486,0,False,,,,,,,,,left_half,463.4,False,
2025-09-05T05:10:11.540482,487,0,False,,,,,,,,,left_half,469.4,False,
2025-09-05T05:11:12.028418,488,0,False,,,,,,,,,left_half,487.7,False,
2025-09-05T05:12:12.519198,489,0,False,,,,,,,,,left_half,490.5,False,
2025-09-05T05:13:12.988908,490,0,False,,,,,,,,,left_half,469.4,False,
2025-09-05T05:14:13.470056,491,0,False,,,,,,,,,left_half,480.8,False,
2025-09-05T05:15:13.951131,492,0,False,,,,,,,,,left_half,480.7,False,
2025-09-05T05:16:14.427665,493,0,False,,,,,,,,,left_half,476.2,False,
2025-09-05T05:17:14.885643,494,0,False,,,,,,,,,left_half,457.6,False,
2025-09-05T05:18:15.361713,495,0,False,,,,,,,,,left_half,475.8,False,
2025-09-05T05:19:15.848517,496,0,False,,,,,,,,,left_half,485.8,False,
2025-09-05T05:20:16.307593,497,0,False,,,,,,,,,left_half,458.7,False,
2025-09-05T05:21:16.795906,498,0,False,,,,,,,,,left_half,488.0,False,
2025-09-05T05:22:17.265472,499,0,False,,,,,,,,,left_half,469.3,False,
2025-09-05T05:23:17.726100,500,0,False,,,,,,,,,left_half,460.1,False,
2025-09-05T05:24:18.209181,501,0,False,,,,,,,,,left_half,482.8,False,
2025-09-05T05:25:18.695969,502,0,False,,,,,,,,,left_half,486.5,False,
2025-09-05T05:26:19.156145,503,0,False,,,,,,,,,left_half,459.9,False,
2025-09-05T05:27:19.631627,504,0,False,,,,,,,,,left_half,475.2,False,
2025-09-05T05:28:20.103782,505,0,False,,,,,,,,,left_half,471.4,False,
2025-09-05T05:29:20.559434,506,0,False,,,,,,,,,left_half,455.4,False,
2025-09-05T05:30:21.023523,507,0,False,,,,,,,,,left_half,463.8,False,
2025-09-05T05:31:21.481672,508,0,False,,,,,,,,,left_half,457.9,False,
2025-09-05T05:32:21.940945,509,0,False,,,,,,,,,left_half,459.0,False,
2025-09-05T05:33:22.455452,510,1,True,beetle,0.423,"(763,387,1152,1041)",957.4,714.0,389.3,653.4,254354.6,left_half,483.3,True,left_half_detection_20250905_053322_424.jpg
2025-09-05T05:34:22.924715,511,0,False,,,,,,,,,left_half,468.9,False,
2025-09-05T05:35:23.389934,512,0,False,,,,,,,,,left_half,464.9,False,
2025-09-05T05:36:23.863483,513,0,False,,,,,,,,,left_half,473.2,False,
2025-09-05T05:37:24.324240,514,0,False,,,,,,,,,left_half,460.4,False,
2025-09-05T05:38:24.784224,515,0,False,,,,,,,,,left_half,459.6,False,
2025-09-05T05:39:25.265831,516,0,False,,,,,,,,,left_half,481.3,False,
2025-09-05T05:40:25.722794,517,0,False,,,,,,,,,left_half,456.7,False,
2025-09-05T05:41:26.173097,518,0,False,,,,,,,,,left_half,450.0,False,
2025-09-05T05:42:26.675194,519,1,True,beetle,0.452,"(713,498,1152,1181)",932.6,839.3,438.9,683.5,299971.6,left_half,474.7,True,left_half_detection_20250905_054226_648.jpg
2025-09-05T05:43:27.159195,520,0,False,,,,,,,,,left_half,483.6,False,
2025-09-05T05:44:27.640203,521,0,False,,,,,,,,,left_half,480.7,False,
2025-09-05T05:45:28.104313,522,0,False,,,,,,,,,left_half,463.8,False,
2025-09-05T05:46:28.561248,523,0,False,,,,,,,,,left_half,456.7,False,
2025-09-05T05:47:29.049584,524,0,False,,,,,,,,,left_half,487.9,False,
2025-09-05T05:48:29.510459,525,0,False,,,,,,,,,left_half,460.6,False,
2025-09-05T05:49:29.996877,526,0,False,,,,,,,,,left_half,485.9,False,
2025-09-05T05:50:30.464360,527,0,False,,,,,,,,,left_half,467.2,False,
2025-09-05T05:51:30.927448,528,0,False,,,,,,,,,left_half,462.8,False,
2025-09-05T05:52:31.384008,529,0,False,,,,,,,,,left_half,456.3,False,
2025-09-05T05:53:31.868033,530,0,False,,,,,,,,,left_half,483.7,False,
2025-09-05T05:54:32.349634,531,0,False,,,,,,,,,left_half,481.2,False,
2025-09-05T05:55:32.865698,532,0,False,,,,,,,,,left_half,515.6,False,
2025-09-05T05:56:33.359483,533,1,True,beetle,0.426,"(188,584,1133,1277)",660.7,930.8,945.3,692.9,654975.9,left_half,466.9,True,left_half_detection_20250905_055633_332.jpg
2025-09-05T05:57:33.823513,534,0,False,,,,,,,,,left_half,463.7,False,
2025-09-05T05:58:34.319843,535,1,True,beetle,0.428,"(183,576,1139,1278)",661.1,927.0,955.6,702.1,670931.4,left_half,465.2,True,left_half_detection_20250905_055834_289.jpg
2025-09-05T05:59:34.811722,536,1,True,beetle,0.414,"(183,589,1141,1278)",661.8,933.8,958.4,689.0,660316.4,left_half,465.0,True,left_half_detection_20250905_055934_785.jpg
2025-09-05T06:00:35.267926,537,0,False,,,,,,,,,left_half,455.8,False,
